accuracy,precision,recall,f1_score,roc_auc
0.5,0.1111111111111111,0.3333333333333333,0.16666666666666666,0.47058823529411764
